{"stat.chestOpened":23,"stat.useItem.minecraft.sticky_piston":22,"stat.pickup.minecraft.stone_pressure_plate":64,"stat.pickup.minecraft.redstone_torch":10,"stat.useItem.minecraft.stone":452,"stat.useItem.minecraft.repeater":53,"stat.leaveGame":2,"stat.killEntity.Slime":72,"stat.drop.minecraft.redstone":1,"stat.useItem.minecraft.diamond_sword":88,"stat.pickup.minecraft.diamond_sword":2,"stat.jump":1016,"stat.swimOneCm":27520,"stat.useItem.minecraft.piston":38,"stat.drop.minecraft.diamond_sword":2,"stat.crouchOneCm":7192,"stat.useItem.minecraft.redstone_torch":41,"stat.useItem.minecraft.dirt":188,"stat.useItem.minecraft.stone_button":12,"achievement.exploreAllBiomes":{"value":0,"progress":["Plains"]},"stat.useItem.minecraft.water_bucket":19,"stat.pickup.minecraft.iron_ore":2,"stat.useItem.minecraft.diamond_hoe":121,"stat.useItem.minecraft.glass":77,"stat.useItem.minecraft.dispenser":37,"stat.useItem.minecraft.sapling":17,"stat.damageTaken":280,"stat.useItem.minecraft.reeds":200,"stat.dispenserInspected":69,"stat.pickup.minecraft.reeds":294,"stat.flyOneCm":115694,"stat.pickup.minecraft.wheat_seeds":114,"stat.damageDealt":1694,"stat.pickup.minecraft.redstone":43,"stat.timeSinceDeath":83668,"stat.hopperInspected":11,"stat.useItem.minecraft.iron_bars":9,"stat.walkOneCm":1059034,"stat.useItem.minecraft.chest":14,"stat.useItem.minecraft.lever":35,"stat.useItem.minecraft.pumpkin":3,"stat.useItem.minecraft.redstone":525,"stat.pickup.minecraft.stone":7,"stat.pickup.minecraft.sapling":16,"stat.sprintOneCm":4139,"stat.useItem.minecraft.fence":144,"stat.useItem.minecraft.stone_slab":16,"achievement.openInventory":136,"stat.pickup.minecraft.potion":1,"stat.useItem.minecraft.wheat_seeds":180,"stat.useItem.minecraft.stone_pressure_plate":1,"stat.useItem.minecraft.diamond_pickaxe":18,"stat.useItem.minecraft.hopper":11,"stat.useItem.minecraft.wooden_pressure_plate":13,"stat.mobKills":72,"stat.useItem.minecraft.dye":209,"stat.useItem.minecraft.wooden_door":6,"stat.pickup.minecraft.lever":4,"stat.deaths":1,"stat.pickup.minecraft.water_bucket":11,"stat.drop":3,"stat.pickup.minecraft.egg":6,"stat.playOneMinute":313220,"stat.pickup.minecraft.stone_button":4,"stat.pickup.minecraft.red_flower":1,"stat.sneakTime":1678,"stat.pickup.minecraft.slime_ball":53,"stat.diveOneCm":3273,"stat.pickup.minecraft.wheat":63}